rfc,nombre
ACV5520249C4,"Mayer, Reichert and Hayes"
AEV1847520V0,Bauch-Bartoletti
AFT8990792N8,Simonis Inc
AGH1077223U1,"Terry, Beier and Tremblay"
AQX2699493F5,Williamson-Abernathy
AUU9037988A7,Littel Inc
AZA2763080V1,Okuneva-Emard
BEA3345987T3,"Renner, Mitchell and Koch"
BEE1524962R4,"Denesik, Becker and Senger"
BJR2979734V2,Paucek-Lebsack
BOF6486341N7,"Bashirian, O'Kon and Schoen"
BPT0500646B0,Morar and Sons
BTH6805847C5,Steuber LLC
BTL0068507P5,Harber Group
BUU0331002F4,"Kilback, Renner and Nolan"
BWM3877838H4,Wiza-Bashirian
BWW6314670J0,Ziemann Inc
BXI8282235F9,O'Hara-Lehner
CAJ7598668N2,"Emmerich, Kihn and Erdman"
CEI7620251X3,Schoen-Ortiz
CLA3652430R5,Lubowitz and Sons
CLV1666194M6,Johns Group
CYH2612586C6,Nicolas-Herman
CYQ7361513V6,"Klocko, Gibson and Barton"
DIS5194198X6,"Pollich, Hackett and VonRueden"
DKY2768858Y8,Rath and Sons
DLP4916661F1,Shanahan-Cormier
DSX9588388D5,"Lowe, Hilpert and Harris"
DYP5812351O9,"Will, Nicolas and Hand"
DZD8868895U1,Stiedemann LLC
ECK8657800Z4,Gusikowski-Eichmann
ECX8827186Y5,Bogisich and Sons
ECZ4056034K0,Little Group
EIW7043298X0,Reichert Group
EMW5045085C4,Ortiz-Olson
ETM9288287Q2,Grant Inc
FAD9748433J6,Hirthe-King
FAF6870014U4,Nikolaus and Sons
FAK8483612Q2,Heaney-Weber
FBB9543061C4,Harris Inc
FDA7716493Q1,Lindgren-Mayer
FEG8082693O7,"Morissette, Greenholt and Grady"
FEJ0451653N5,Bogisich-Steuber
FIF4335403W7,Bauch-Schmeler
FIX4997251N7,"Rosenbaum, Kunze and Langworth"
FPP5986014N2,"Wyman, Gleichner and Rutherford"
FWP4684092K5,Turner-Cole
GAI9257498O7,"Johnson, Goodwin and Walsh"
GCN7650665G9,"Gleason, Howe and Hirthe"
GEE4504774G2,"Dickens, Howell and Weber"
GEJ1854295Q4,Abshire and Sons
GHR2254522G5,Christiansen-Shields
GIX7527747K1,Leannon-Pagac
GKD4364547Z5,Keeling-Auer
GNQ4436627N6,"Grimes, Marks and Flatley"
GOO3678952U3,"Lehner, O'Hara and Walker"
GQX0066365V4,"Littel, Halvorson and Glover"
GWG3354329Q2,Walter-Deckow
GXJ6300177I7,Kautzer-McCullough
GYY4742919J6,Pouros LLC
HKC3908093F7,Ebert LLC
HLA9462287P9,Corkery-Kessler
HLS6499008G5,"McDermott, Shanahan and Zemlak"
HPT5989428D5,"Kunde, Crooks and Reynolds"
HSG7569069X9,Bruen-Quigley
HXN0303797V2,Prosacco-Parisian
IGG8764322V1,Leannon-Sanford
IIS5530306T5,Steuber-Hessel
IJV6057834T6,"Labadie, Veum and Moen"
IPW2853975T5,"Treutel, Baumbach and Sawayn"
IRS8106607E6,Flatley-Lesch
IYL5127900T0,Herzog and Sons
JCW6852972K8,Rutherford-Satterfield
JGS3537400M6,"Jerde, Wintheiser and Bins"
JJN2712177K1,"Fahey, Ankunding and West"
JJQ2881143B4,Stokes Inc
JKV1524857C2,Moen Inc
JLC2067193N8,Roob Inc
JLF0876624I2,"Gusikowski, Bernier and Mitchell"
JMD5437984D6,Mueller Group
JPA1376463T3,Koepp-Denesik
JRX6660943W9,Kemmer-Olson
JUV0620889B0,Emard and Sons
JVQ2832051J9,Casper and Sons
JZD5154766R0,Marks-Hand
KAN0374833J2,King and Sons
KAT6868281M5,Stoltenberg-Sipes
KBX1688763A0,"Hauck, Ratke and Tillman"
KCX1452458C7,Torphy-Willms
KGM5530832W9,Hills-Baumbach
KJG8315151E7,"Frami, Wuckert and Murray"
KLW4758879E7,"Windler, Schmitt and Purdy"
KRY3242705J3,Barton-Klein
KRZ6120354Z7,Jerde and Sons
KSJ8505357H5,Collier Group
LCU0608877H1,Abernathy-Cruickshank
LEH6489788U9,"Krajcik, Ullrich and Yost"
LHI6112193R2,Paucek Group
LKS8287995L6,Bailey-Wehner
LNW0543102W1,Dibbert and Sons
LPY7403876A8,"Purdy, Hettinger and Hintz"
LSL1794627C7,"Jakubowski, Pouros and Hilll"
LTU9658715E6,"Swift, Sauer and Hermiston"
LZW6729100B0,"Bayer, Renner and Prohaska"
MDM4663081Q5,"Toy, Sawayn and Marks"
MET3995236L9,Grimes Group
MHP0642429I5,Mertz LLC
MIX6500334Z9,Howell-Heller
MIX8781256V6,Pagac-Connelly
MJY2828451C3,Wunsch-Blick
MNA5175377S4,Wiza-Harris
MNK8971847A9,Boehm-Boyer
MOW6536929X7,Welch Group
MQC9090107G2,Jones LLC
MRO0785255F4,Gleichner and Sons
MRV2403860H8,Tillman-Deckow
MUX7387649A0,Hermann-Bartoletti
NCA0939396R0,"Gorczany, Rohan and Greenfelder"
NDS9278705W7,"Waters, Kuhn and Lubowitz"
NJR7358373T9,Will Inc
NKK6098997R7,Ortiz-Gerhold
NPX7488485I9,Glover-Tillman
NSE5484334C2,Monahan Group
NSP4276344P5,"Dickinson, Lehner and Langosh"
NSP8658888C9,"Weber, Rippin and Ryan"
NVH4877001A9,"Bednar, Steuber and Kuvalis"
NZV6470690R3,Kirlin LLC
OBW8126457J9,Hartmann-Kassulke
ODZ0757779Y4,Wolf Group
OFJ7932135L9,Schowalter and Sons
OJZ8669147A1,"Prosacco, Hauck and Reynolds"
OLO2750778S1,Bernier Inc
OMP4345510P4,Stehr and Sons
OSV5826034N3,Goodwin Inc
OYU3006062X3,Bradtke Group
OZZ9037116I0,Rohan LLC
PAH3958715W1,"Abbott, Stokes and Ondricka"
PDF6983635B6,"Ward, Feest and Ruecker"
PHB5603956Z0,"Crist, Hoppe and Walter"
PJH9877742W0,Adams and Sons
PKI0996391Z9,"Daniel, Luettgen and Senger"
PTY7953903T9,Prosacco-O'Connell
PUL3346815I9,Cummerata LLC
PWH4023715K6,"Goldner, Kutch and Gerlach"
PWI5739775B5,Harris-Jerde
QAW2360244Y0,Hodkiewicz Inc
QCE5160974V9,"McGlynn, Wolf and Kirlin"
QGG8370499O2,Schinner-Schaefer
QGQ6199132N4,Watsica Inc
QIQ0425973X3,Christiansen-Zboncak
QOY1999507K3,Schiller LLC
QPL0651112W5,Braun-Orn
RBC9684887D6,"Weimann, Cremin and Hoppe"
RCD4007499Q0,"Hilll, Kassulke and Abernathy"
RNA7337250L2,Abbott-Ratke
RWJ0159289Y7,Hammes-Reilly
RWM1728057K1,"Predovic, Halvorson and Padberg"
RYU3368135C1,"Rutherford, Wilkinson and Bauch"
SDZ7126323I7,Bradtke-Corkery
SGI3281133W3,"Beahan, Bogan and Robel"
STK0012994O0,Larkin and Sons
TAG1043293L6,"Bahringer, Rolfson and White"
TKF3675863P8,"Bergstrom, Lueilwitz and Ortiz"
TLG0432523M9,Braun Inc
TRJ5167154B9,Hilll-Koch
TSL5553952K3,Streich-Effertz
TTD7304664U0,"Kuvalis, Huels and Ondricka"
TUW8388207D5,Bogisich Group
TVM0827064T4,"Robel, Bauch and Shields"
UBR4126548J1,Mills LLC
UEN7186319F9,Vandervort-Casper
UGY2744200Y4,Luettgen-Metz
UHC1686076B6,"Durgan, Davis and Lakin"
UPG0983958Q6,"Johnston, Goyette and Lowe"
URQ0719212J7,Ullrich Inc
USH5466257G7,"Beatty, Funk and Thompson"
USI1640988E7,Ullrich Inc
UXE2516355R8,Gerlach Group
UYM6877431X1,"Wilkinson, Kautzer and Shields"
VCL0717919G6,"Ondricka, Bayer and Zboncak"
VDD6236277L7,Bruen Group
VDQ9578074J1,Smitham-Barton
VIL5768045R4,Sauer-Heller
VJO6853808I7,"Wiza, Carter and Padberg"
VKA0730289T2,Rippin-Abbott
VLO4873761C6,O'Conner-Raynor
VMY0200195Y8,"Greenfelder, Haley and Bins"
VOJ6132015L8,Quitzon-Littel
VTC0166258C8,"Olson, Bauch and Botsford"
VVA7300263V4,Hauck-Johns
VVX2009763B9,Larkin-Williamson
VWG6655185V6,Purdy LLC
VWH5179187N9,"Howell, Senger and Murazik"
VZT7647877K3,"Schulist, Bauch and Kuhic"
WAV8892096R4,Kunde-Armstrong
WEY6324827T6,"O'Connell, Daniel and Harber"
WFQ1014408N8,"Champlin, Rosenbaum and Lowe"
WFT9304473A6,Breitenberg Inc
WKV7170964Y6,O'Connell LLC
WMQ7465873T8,Kunde-Heidenreich
WPS0253455B4,Altenwerth-Bednar
WQE8215791X3,Harvey Inc
XCU3107781E8,Hagenes LLC
XEF8056694E6,Nader LLC
XFT0416417F7,Gleason-Fay
XHK6474291P5,"Reichel, Hoeger and White"
XIK4875414D6,Stoltenberg-Krajcik
XIN5404895C6,Stark-Crooks
XJP2024497P0,Corwin-Mertz
XNE4832324T7,Mosciski LLC
XVU4809384G9,Wilkinson-Langosh
XYV0893039M1,Farrell Group
YBV8516989C1,Koss-Moen
YGE4863428Z6,"Corkery, Hauck and Ratke"
YIB6040719K0,"Dach, Turcotte and Walsh"
YNB4692678X1,Littel LLC
YQA9367208N6,Beer-O'Conner
YQJ4044134S6,"Dicki, Metz and Lynch"
YSS7601898H7,Johns Inc
YWX4603036K5,"Boyer, Predovic and Gleichner"
YXE1341787E4,"Dicki, Gaylord and Corwin"
YXP5773770X2,"Davis, Kovacek and Bechtelar"
YYA4757352J3,Abshire LLC
ZCB1548939O5,Leffler Inc
ZES8570717P5,Connelly-Torp
ZIE7140897W8,Harris-Kuphal
ZIM0086452L2,Hane and Sons
ZMP2069710K9,Bradtke-Marquardt
ZPY0229458S0,Pollich Inc
ZYD0146917H5,"Bradtke, Treutel and Hackett"
